[
  {
    "command": "pick the blue block and place it on the green bowl",
    "state": {
      "ee_position": [
        -0.577706240229295,
        -0.006999999999999966,
        0.18633452378198495
      ],
      "objects": {
        "blue block": {
          "position": [
            0.9711182182236127,
            -1.3431716082486411,
            2.2892886731023387
          ],
          "orientation": [
            0.23097993983457524,
            0.7237085715841456,
            -0.11239224055207668,
            0.6405170997509245
          ],
          "in_workspace": false
        },
        "red block": {
          "position": [
            0.0013932259558295825,
            -0.6990060247038465,
            3.942729881716655
          ],
          "orientation": [
            -0.023126192369068217,
            0.02943415793035717,
            -0.0005369203264570402,
            0.9992990149549846
          ],
          "in_workspace": false
        },
        "green block": {
          "position": [
            0.20354208485422706,
            -0.6980038608752034,
            3.942790211606621
          ],
          "orientation": [
            -0.027684737248007373,
            0.0454596071831702,
            -0.0011703284210827297,
            0.9985817992381232
          ],
          "in_workspace": false
        },
        "blue bowl": {
          "position": [
            -0.22499999999999998,
            -0.30000000000000004,
            0.03
          ],
          "orientation": [
            0.0,
            0.0,
            0.0,
            1.0
          ],
          "in_workspace": true
        },
        "red bowl": {
          "position": [
            -0.025,
            -0.30000000000000004,
            0.03
          ],
          "orientation": [
            0.0,
            0.0,
            0.0,
            1.0
          ],
          "in_workspace": true
        },
        "green bowl": {
          "position": [
            0.175,
            -0.30000000000000004,
            0.03
          ],
          "orientation": [
            0.0,
            0.0,
            0.0,
            1.0
          ],
          "in_workspace": true
        }
      },
      "workspace_bounds": {
        "x_min": -0.3,
        "x_max": 0.3,
        "y_min": -0.8,
        "y_max": -0.2,
        "z_min": 0.0,
        "z_max": 0.15
      },
      "currently_holding": null
    },
    "action": {
      "type": "place_object",
      "target_position": [
        0.175,
        -0.30000000000000004,
        0.08
      ],
      "object_name": "blue block"
    },
    "successful": true,
    "timestamp": "2025-09-13T23:36:22.837970"
  }
]