<mujoco>
    <asset>
        <!-- 浅色木桌面材质 -->
        <material name="wood_top" rgba="0.8 0.6 0.4 1"/>
        <!-- 深色木桌腿材质 -->
        <material name="wood_leg" rgba="0.4 0.3 0.2 1"/>
    </asset>

    <worldbody>
        <body name="table" pos="0 -0.7 0">
            <!-- 桌面 -->
            <geom name="tabletop" type="box" size="0.7 0.5 0.02" pos="0 0 0.8" material="wood_top" contype="1" conaffinity="1"/>

            <!-- 四条圆柱桌腿 -->
            <geom name="leg1" type="cylinder" size="0.03 0.4" pos=" 0.6  0.3 0.4" material="wood_leg" contype="1" conaffinity="1"/>
            <geom name="leg2" type="cylinder" size="0.03 0.4" pos="-0.6  0.3 0.4" material="wood_leg" contype="1" conaffinity="1"/>
            <geom name="leg3" type="cylinder" size="0.03 0.4" pos=" 0.6 -0.3 0.4" material="wood_leg" contype="1" conaffinity="1"/>
            <geom name="leg4" type="cylinder" size="0.03 0.4" pos="-0.6 -0.3 0.4" material="wood_leg" contype="1" conaffinity="1"/>

        </body>
    </worldbody>

</mujoco>